k2_id,epic_name,campaign,k2_disp,period,duration,depth,stemp,gs_mag
206027656.01,K2-29b,3,CONFIRMED,3.23785,1.23,8.2,3576,12.3
206027656.02,K2-29c,3,CANDIDATE,7.8638,1.45,5.1,4442,12.7
205202587.01,K2-33b,2,CONFIRMED,5.42521,0.98,12.3,3583,11.8
201164287.01,K2-24b,4,CANDIDATE,20.3592,2.12,7.8,5061,10.9
201367061.01,K2-138b,5,CANDIDATE,2.35287,1.08,4.5,4871,13.4
